id,alias,name,image_url,is_closed,url,review_count,categories,rating,coordinates,transactions,price,location,phone,display_phone,distance,business_hours,attributes
jPIZ3FR5LNcwPuUHi2Fe4g,mcdonalds-new-york-386,McDonald's,https://s3-media3.fl.yelpcdn.com/bphoto/vB0s11yIom0GaSU0z2jRig/o.jpg,False,https://www.yelp.com/biz/mcdonalds-new-york-386?adjust_creative=mpeREilc5wlDx-qcuxWJww&utm_campaign=yelp_api_v3&utm_medium=api_v3_business_search&utm_source=mpeREilc5wlDx-qcuxWJww,150,"[{'alias': 'hotdogs', 'title': 'Fast Food'}, {'alias': 'burgers', 'title': 'Burgers'}, {'alias': 'coffee', 'title': 'Coffee & Tea'}]",2.6,"{'latitude': 40.709482, 'longitude': -74.010037}",['delivery'],$,"{'address1': '160 Broadway', 'address2': None, 'address3': '', 'city': 'New York', 'zip_code': '10038', 'country': 'US', 'state': 'NY', 'display_address': ['160 Broadway', 'New York, NY 10038']}",+12123852066,(212) 385-2066,1400.9326436993163,"[{'open': [{'is_overnight': True, 'start': '0000', 'end': '0000', 'day': 0}, {'is_overnight': True, 'start': '0000', 'end': '0000', 'day': 1}, {'is_overnight': True, 'start': '0000', 'end': '0000', 'day': 2}, {'is_overnight': True, 'start': '0000', 'end': '0000', 'day': 3}, {'is_overnight': True, 'start': '0000', 'end': '0000', 'day': 4}, {'is_overnight': True, 'start': '0000', 'end': '0000', 'day': 5}, {'is_overnight': True, 'start': '0000', 'end': '0000', 'day': 6}], 'hours_type': 'REGULAR', 'is_open_now': True}]","{'business_temp_closed': None, 'menu_url': 'https://www.mcdonalds.com/us/en-us/full-menu.html?cid=PS:GCM_MOP:NB::Yelp:All', 'open24_hours': None, 'waitlist_reservation': None}"
YV0VaJgV2zotzI7XNUaMCQ,mcdonalds-new-york-100,McDonald's,https://s3-media3.fl.yelpcdn.com/bphoto/nu1t2OGqbNOHbZs1ZiwyAQ/o.jpg,False,https://www.yelp.com/biz/mcdonalds-new-york-100?adjust_creative=mpeREilc5wlDx-qcuxWJww&utm_campaign=yelp_api_v3&utm_medium=api_v3_business_search&utm_source=mpeREilc5wlDx-qcuxWJww,101,"[{'alias': 'hotdogs', 'title': 'Fast Food'}, {'alias': 'burgers', 'title': 'Burgers'}, {'alias': 'coffee', 'title': 'Coffee & Tea'}]",2.7,"{'latitude': 40.71852, 'longitude': -74.00115}",['delivery'],$,"{'address1': '262 Canal St', 'address2': None, 'address3': '', 'city': 'New York', 'zip_code': '10013', 'country': 'US', 'state': 'NY', 'display_address': ['262 Canal St', 'New York, NY 10013']}",+12129415823,(212) 941-5823,1565.8220905266912,"[{'open': [{'is_overnight': False, 'start': '0700', 'end': '0000', 'day': 0}, {'is_overnight': False, 'start': '0700', 'end': '0000', 'day': 1}, {'is_overnight': False, 'start': '0700', 'end': '0000', 'day': 2}, {'is_overnight': False, 'start': '0700', 'end': '0000', 'day': 3}, {'is_overnight': False, 'start': '0700', 'end': '0000', 'day': 4}, {'is_overnight': False, 'start': '0700', 'end': '0000', 'day': 5}, {'is_overnight': False, 'start': '0700', 'end': '0000', 'day': 6}], 'hours_type': 'REGULAR', 'is_open_now': True}]","{'business_temp_closed': None, 'menu_url': 'https://www.mcdonalds.com/us/en-us/full-menu.html', 'open24_hours': None, 'waitlist_reservation': None}"
0l-l2j5NAIqtychRNs17Dw,mcdonalds-new-york-137,McDonald's,https://s3-media1.fl.yelpcdn.com/bphoto/cfn5s_pS5Qw9qb-K-Um7dg/o.jpg,False,https://www.yelp.com/biz/mcdonalds-new-york-137?adjust_creative=mpeREilc5wlDx-qcuxWJww&utm_campaign=yelp_api_v3&utm_medium=api_v3_business_search&utm_source=mpeREilc5wlDx-qcuxWJww,126,"[{'alias': 'hotdogs', 'title': 'Fast Food'}, {'alias': 'burgers', 'title': 'Burgers'}, {'alias': 'coffee', 'title': 'Coffee & Tea'}]",2.1,"{'latitude': 40.71894, 'longitude': -73.98829}",['delivery'],$,"{'address1': '114 Delancey St', 'address2': '', 'address3': '', 'city': 'New York', 'zip_code': '10002', 'country': 'US', 'state': 'NY', 'display_address': ['114 Delancey St', 'New York, NY 10002']}",+12125299770,(212) 529-9770,1573.1524499933482,"[{'open': [{'is_overnight': True, 'start': '0000', 'end': '0000', 'day': 0}, {'is_overnight': True, 'start': '0000', 'end': '0000', 'day': 1}, {'is_overnight': True, 'start': '0000', 'end': '0000', 'day': 2}, {'is_overnight': True, 'start': '0000', 'end': '0000', 'day': 3}, {'is_overnight': True, 'start': '0000', 'end': '0000', 'day': 4}, {'is_overnight': True, 'start': '0000', 'end': '0000', 'day': 5}, {'is_overnight': True, 'start': '0000', 'end': '0000', 'day': 6}], 'hours_type': 'REGULAR', 'is_open_now': True}]","{'business_temp_closed': None, 'menu_url': 'https://www.mcdonalds.com/us/en-us/full-menu.html?cid=PS:GCM_MOP:NB::Yelp:All', 'open24_hours': None, 'waitlist_reservation': None}"
B_HkncKcyD0ZL3LsHmnzqg,mcdonalds-brooklyn-37,McDonald's,https://s3-media2.fl.yelpcdn.com/bphoto/VITXFdOrfxLgBlGWojByZg/o.jpg,False,https://www.yelp.com/biz/mcdonalds-brooklyn-37?adjust_creative=mpeREilc5wlDx-qcuxWJww&utm_campaign=yelp_api_v3&utm_medium=api_v3_business_search&utm_source=mpeREilc5wlDx-qcuxWJww,68,"[{'alias': 'hotdogs', 'title': 'Fast Food'}, {'alias': 'burgers', 'title': 'Burgers'}, {'alias': 'coffee', 'title': 'Coffee & Tea'}]",2.0,"{'latitude': 40.691383, 'longitude': -73.99172380291995}",['delivery'],$,"{'address1': '82 Court St', 'address2': '', 'address3': '', 'city': 'Brooklyn', 'zip_code': '11201', 'country': 'US', 'state': 'NY', 'display_address': ['82 Court St', 'Brooklyn, NY 11201']}",,,1578.5384109724582,"[{'open': [{'is_overnight': True, 'start': '0000', 'end': '0000', 'day': 0}, {'is_overnight': True, 'start': '0000', 'end': '0000', 'day': 1}, {'is_overnight': True, 'start': '0000', 'end': '0000', 'day': 2}, {'is_overnight': True, 'start': '0000', 'end': '0000', 'day': 3}, {'is_overnight': True, 'start': '0000', 'end': '0000', 'day': 4}, {'is_overnight': True, 'start': '0000', 'end': '0000', 'day': 5}, {'is_overnight': True, 'start': '0000', 'end': '0000', 'day': 6}], 'hours_type': 'REGULAR', 'is_open_now': True}]","{'business_temp_closed': None, 'menu_url': 'https://www.mcdonalds.com/us/en-us/full-menu.html?cid=PS:GCM_MOP:NB::Yelp:All', 'open24_hours': None, 'waitlist_reservation': None}"
in7QM4vNUTHVZIi7Outetg,mcdonalds-new-york-430,McDonald's,https://s3-media4.fl.yelpcdn.com/bphoto/8Zq9B2Dhl14SJoXMsi8hXA/o.jpg,False,https://www.yelp.com/biz/mcdonalds-new-york-430?adjust_creative=mpeREilc5wlDx-qcuxWJww&utm_campaign=yelp_api_v3&utm_medium=api_v3_business_search&utm_source=mpeREilc5wlDx-qcuxWJww,124,"[{'alias': 'burgers', 'title': 'Burgers'}, {'alias': 'hotdogs', 'title': 'Fast Food'}, {'alias': 'coffee', 'title': 'Coffee & Tea'}]",1.7,"{'latitude': 40.7163213865248, 'longitude': -74.0106988300204}",['delivery'],$,"{'address1': '167 Chambers St', 'address2': '', 'address3': '', 'city': 'New York', 'zip_code': '10007', 'country': 'US', 'state': 'NY', 'display_address': ['167 Chambers St', 'New York, NY 10007']}",+12126082405,(212) 608-2405,1837.0499087766198,"[{'open': [{'is_overnight': False, 'start': '0600', 'end': '0000', 'day': 0}, {'is_overnight': False, 'start': '0600', 'end': '0000', 'day': 1}, {'is_overnight': False, 'start': '0600', 'end': '0000', 'day': 2}, {'is_overnight': False, 'start': '0600', 'end': '0000', 'day': 3}, {'is_overnight': False, 'start': '0600', 'end': '0000', 'day': 4}, {'is_overnight': False, 'start': '0600', 'end': '0000', 'day': 5}, {'is_overnight': False, 'start': '0600', 'end': '0000', 'day': 6}], 'hours_type': 'REGULAR', 'is_open_now': True}]","{'business_temp_closed': None, 'menu_url': 'https://www.mcdonalds.com/us/en-us/full-menu.html?cid=PS:GCM_MOP:NB::Yelp:All', 'open24_hours': None, 'waitlist_reservation': None}"
PGbKlytumI2WaIefhtCALw,mcdonalds-brooklyn-45,McDonald's,https://s3-media3.fl.yelpcdn.com/bphoto/t88E5a2w0tWRVJUzHIIufw/o.jpg,False,https://www.yelp.com/biz/mcdonalds-brooklyn-45?adjust_creative=mpeREilc5wlDx-qcuxWJww&utm_campaign=yelp_api_v3&utm_medium=api_v3_business_search&utm_source=mpeREilc5wlDx-qcuxWJww,54,"[{'alias': 'hotdogs', 'title': 'Fast Food'}, {'alias': 'burgers', 'title': 'Burgers'}, {'alias': 'coffee', 'title': 'Coffee & Tea'}]",1.8,"{'latitude': 40.688963, 'longitude': -73.98067}",['delivery'],$,"{'address1': '395 Flatbush Ave', 'address2': '', 'address3': '', 'city': 'Brooklyn', 'zip_code': '11201', 'country': 'US', 'state': 'NY', 'display_address': ['395 Flatbush Ave', 'Brooklyn, NY 11201']}",+17185224988,(718) 522-4988,2162.8262473517616,"[{'open': [{'is_overnight': True, 'start': '0000', 'end': '0000', 'day': 0}, {'is_overnight': True, 'start': '0000', 'end': '0000', 'day': 1}, {'is_overnight': True, 'start': '0000', 'end': '0000', 'day': 2}, {'is_overnight': True, 'start': '0000', 'end': '0000', 'day': 3}, {'is_overnight': True, 'start': '0000', 'end': '0000', 'day': 4}, {'is_overnight': True, 'start': '0000', 'end': '0000', 'day': 5}, {'is_overnight': True, 'start': '0000', 'end': '0000', 'day': 6}], 'hours_type': 'REGULAR', 'is_open_now': True}]","{'business_temp_closed': None, 'menu_url': 'https://www.mcdonalds.com/us/en-us/full-menu.html?cid=PS:GCM_MOP:NB::Yelp:All', 'open24_hours': None, 'waitlist_reservation': None}"
Um1WimKhVLw3KB-OzRYfyQ,mcdonalds-new-york-112,McDonald's,https://s3-media2.fl.yelpcdn.com/bphoto/CHbBHWysmfWnS5fmbRJ9SA/o.jpg,False,https://www.yelp.com/biz/mcdonalds-new-york-112?adjust_creative=mpeREilc5wlDx-qcuxWJww&utm_campaign=yelp_api_v3&utm_medium=api_v3_business_search&utm_source=mpeREilc5wlDx-qcuxWJww,57,"[{'alias': 'burgers', 'title': 'Burgers'}, {'alias': 'hotdogs', 'title': 'Fast Food'}, {'alias': 'coffee', 'title': 'Coffee & Tea'}]",2.0,"{'latitude': 40.7265241132955, 'longitude': -73.9857636738725}",['delivery'],$,"{'address1': '102 1st Ave', 'address2': '', 'address3': '', 'city': 'New York', 'zip_code': '10003', 'country': 'US', 'state': 'NY', 'display_address': ['102 1st Ave', 'New York, NY 10003']}",+12124779171,(212) 477-9171,2451.664504683345,"[{'open': [{'is_overnight': False, 'start': '0700', 'end': '0000', 'day': 0}, {'is_overnight': False, 'start': '0700', 'end': '0000', 'day': 1}, {'is_overnight': False, 'start': '0700', 'end': '0000', 'day': 2}, {'is_overnight': True, 'start': '0000', 'end': '0000', 'day': 3}, {'is_overnight': True, 'start': '0000', 'end': '0000', 'day': 4}, {'is_overnight': True, 'start': '0000', 'end': '0000', 'day': 5}, {'is_overnight': False, 'start': '0500', 'end': '0000', 'day': 6}], 'hours_type': 'REGULAR', 'is_open_now': True}]","{'business_temp_closed': None, 'menu_url': 'https://www.mcdonalds.com/us/en-us/full-menu.html?cid=PS:GCM_MOP:NB::Yelp:All', 'open24_hours': None, 'waitlist_reservation': None}"
0Ao9422D82WgsiUbr_t_Qg,mcdonalds-new-york-104,McDonald's,https://s3-media4.fl.yelpcdn.com/bphoto/mS9Z_NpU4jthqueZp8wcVw/o.jpg,False,https://www.yelp.com/biz/mcdonalds-new-york-104?adjust_creative=mpeREilc5wlDx-qcuxWJww&utm_campaign=yelp_api_v3&utm_medium=api_v3_business_search&utm_source=mpeREilc5wlDx-qcuxWJww,70,"[{'alias': 'hotdogs', 'title': 'Fast Food'}, {'alias': 'burgers', 'title': 'Burgers'}, {'alias': 'coffee', 'title': 'Coffee & Tea'}]",2.0,"{'latitude': 40.729197, 'longitude': -73.993408}",['delivery'],$,"{'address1': '724 Broadway', 'address2': '', 'address3': '', 'city': 'New York', 'zip_code': '10003', 'country': 'US', 'state': 'NY', 'display_address': ['724 Broadway', 'New York, NY 10003']}",+12125299660,(212) 529-9660,2642.167523185924,"[{'open': [{'is_overnight': True, 'start': '0000', 'end': '0000', 'day': 0}, {'is_overnight': True, 'start': '0000', 'end': '0000', 'day': 1}, {'is_overnight': True, 'start': '0000', 'end': '0000', 'day': 2}, {'is_overnight': True, 'start': '0000', 'end': '0000', 'day': 3}, {'is_overnight': True, 'start': '0000', 'end': '0000', 'day': 4}, {'is_overnight': True, 'start': '0000', 'end': '0000', 'day': 5}, {'is_overnight': True, 'start': '0000', 'end': '0000', 'day': 6}], 'hours_type': 'REGULAR', 'is_open_now': True}]","{'business_temp_closed': None, 'menu_url': 'https://www.mcdonalds.com/us/en-us/full-menu.html?cid=PS:GCM_MOP:NB::Yelp:All', 'open24_hours': None, 'waitlist_reservation': None}"
oXVZ9OqrC55fp-3hDBvRCQ,mcdonalds-brooklyn-12,McDonald's,https://s3-media3.fl.yelpcdn.com/bphoto/ZB4cwzewWGsQEIRgEqiyUA/o.jpg,False,https://www.yelp.com/biz/mcdonalds-brooklyn-12?adjust_creative=mpeREilc5wlDx-qcuxWJww&utm_campaign=yelp_api_v3&utm_medium=api_v3_business_search&utm_source=mpeREilc5wlDx-qcuxWJww,62,"[{'alias': 'hotdogs', 'title': 'Fast Food'}, {'alias': 'burgers', 'title': 'Burgers'}, {'alias': 'coffee', 'title': 'Coffee & Tea'}]",1.7,"{'latitude': 40.6847998, 'longitude': -73.977122}",['delivery'],$,"{'address1': '139 Flatbush Ave', 'address2': None, 'address3': '', 'city': 'Brooklyn', 'zip_code': '11217', 'country': 'US', 'state': 'NY', 'display_address': ['139 Flatbush Ave', 'Brooklyn, NY 11217']}",+17182300176,(718) 230-0176,2713.959843518525,"[{'open': [{'is_overnight': False, 'start': '0700', 'end': '2200', 'day': 0}, {'is_overnight': False, 'start': '0700', 'end': '2200', 'day': 1}, {'is_overnight': False, 'start': '0700', 'end': '2200', 'day': 2}, {'is_overnight': False, 'start': '0700', 'end': '2200', 'day': 3}, {'is_overnight': False, 'start': '0700', 'end': '2300', 'day': 4}, {'is_overnight': False, 'start': '0700', 'end': '2300', 'day': 5}, {'is_overnight': False, 'start': '0800', 'end': '2000', 'day': 6}], 'hours_type': 'REGULAR', 'is_open_now': False}]","{'business_temp_closed': None, 'menu_url': 'https://www.mcdonalds.com/us/en-us/full-menu.html?cid=PS:GCM_MOP:NB::Yelp:All', 'open24_hours': None, 'waitlist_reservation': None}"
hcVN7B1tw4jvRTiORTFKjA,mcdonalds-new-york-389,McDonald's,https://s3-media3.fl.yelpcdn.com/bphoto/cAC-Zoq79vXcO-XFM8MCGA/o.jpg,False,https://www.yelp.com/biz/mcdonalds-new-york-389?adjust_creative=mpeREilc5wlDx-qcuxWJww&utm_campaign=yelp_api_v3&utm_medium=api_v3_business_search&utm_source=mpeREilc5wlDx-qcuxWJww,36,"[{'alias': 'hotdogs', 'title': 'Fast Food'}, {'alias': 'burgers', 'title': 'Burgers'}, {'alias': 'coffee', 'title': 'Coffee & Tea'}]",1.7,"{'latitude': 40.728794, 'longitude': -74.00509}","['delivery', 'pickup']",$,"{'address1': '208 Varick St', 'address2': '', 'address3': '', 'city': 'New York', 'zip_code': '10014', 'country': 'US', 'state': 'NY', 'display_address': ['208 Varick St', 'New York, NY 10014']}",,,2751.1416974228155,"[{'open': [{'is_overnight': False, 'start': '0600', 'end': '0000', 'day': 0}, {'is_overnight': False, 'start': '0600', 'end': '0000', 'day': 1}, {'is_overnight': True, 'start': '0600', 'end': '0400', 'day': 2}, {'is_overnight': True, 'start': '0000', 'end': '0000', 'day': 3}, {'is_overnight': True, 'start': '0000', 'end': '0000', 'day': 4}, {'is_overnight': True, 'start': '0000', 'end': '0000', 'day': 5}, {'is_overnight': False, 'start': '0400', 'end': '0000', 'day': 6}], 'hours_type': 'REGULAR', 'is_open_now': True}]","{'business_temp_closed': None, 'menu_url': 'https://www.mcdonalds.com/us/en-us/full-menu.html?cid=PS:GCM_MOP:NB::Yelp:All', 'open24_hours': None, 'waitlist_reservation': None}"
LR6nRVRoP0g_wqqlIE8Ynw,mcdonalds-brooklyn-10,McDonald's,https://s3-media1.fl.yelpcdn.com/bphoto/po46U_X-Xunnv3oPdL-_Aw/o.jpg,False,https://www.yelp.com/biz/mcdonalds-brooklyn-10?adjust_creative=mpeREilc5wlDx-qcuxWJww&utm_campaign=yelp_api_v3&utm_medium=api_v3_business_search&utm_source=mpeREilc5wlDx-qcuxWJww,26,"[{'alias': 'hotdogs', 'title': 'Fast Food'}, {'alias': 'burgers', 'title': 'Burgers'}, {'alias': 'coffee', 'title': 'Coffee & Tea'}]",1.8,"{'latitude': 40.7089793, 'longitude': -73.959028}",['delivery'],$,"{'address1': '267 Broadway', 'address2': '', 'address3': '', 'city': 'Brooklyn', 'zip_code': '11211', 'country': 'US', 'state': 'NY', 'display_address': ['267 Broadway', 'Brooklyn, NY 11211']}",+17183023177,(718) 302-3177,2998.4246661444104,"[{'open': [{'is_overnight': False, 'start': '0600', 'end': '0000', 'day': 0}, {'is_overnight': False, 'start': '0600', 'end': '0000', 'day': 1}, {'is_overnight': False, 'start': '0600', 'end': '0000', 'day': 2}, {'is_overnight': False, 'start': '0600', 'end': '0000', 'day': 3}, {'is_overnight': False, 'start': '0600', 'end': '0000', 'day': 4}, {'is_overnight': False, 'start': '0600', 'end': '0000', 'day': 5}, {'is_overnight': False, 'start': '0600', 'end': '0000', 'day': 6}], 'hours_type': 'REGULAR', 'is_open_now': True}]","{'business_temp_closed': None, 'menu_url': 'https://www.mcdonalds.com/us/en-us/full-menu.html?cid=PS:GCM_MOP:NB::Yelp:All', 'open24_hours': None, 'waitlist_reservation': None}"
EW7kFuXTsXRQ4Kp7j6qxHw,mcdonalds-new-york-395,McDonald's,https://s3-media3.fl.yelpcdn.com/bphoto/ClSRqRAfSkruL9rGD1raDg/o.jpg,False,https://www.yelp.com/biz/mcdonalds-new-york-395?adjust_creative=mpeREilc5wlDx-qcuxWJww&utm_campaign=yelp_api_v3&utm_medium=api_v3_business_search&utm_source=mpeREilc5wlDx-qcuxWJww,59,"[{'alias': 'hotdogs', 'title': 'Fast Food'}, {'alias': 'burgers', 'title': 'Burgers'}, {'alias': 'coffee', 'title': 'Coffee & Tea'}]",1.6,"{'latitude': 40.73104, 'longitude': -73.98226}",['delivery'],$,"{'address1': '404 E 14th St', 'address2': '', 'address3': '', 'city': 'New York', 'zip_code': '10009', 'country': 'US', 'state': 'NY', 'display_address': ['404 E 14th St', 'New York, NY 10009']}",+12125980045,(212) 598-0045,3011.1469016190763,"[{'open': [{'is_overnight': True, 'start': '0000', 'end': '0000', 'day': 0}, {'is_overnight': True, 'start': '0000', 'end': '0000', 'day': 1}, {'is_overnight': True, 'start': '0000', 'end': '0000', 'day': 2}, {'is_overnight': True, 'start': '0000', 'end': '0000', 'day': 3}, {'is_overnight': True, 'start': '0000', 'end': '0000', 'day': 4}, {'is_overnight': True, 'start': '0000', 'end': '0000', 'day': 5}, {'is_overnight': True, 'start': '0000', 'end': '0000', 'day': 6}], 'hours_type': 'REGULAR', 'is_open_now': True}]","{'business_temp_closed': None, 'menu_url': 'https://www.mcdonalds.com/us/en-us/full-menu.html?cid=PS:GCM_MOP:NB::Yelp:All', 'open24_hours': None, 'waitlist_reservation': None}"
AiOb7w3Z9jS8XJdamgbU_A,mcdonalds-new-york-105,McDonald's,https://s3-media3.fl.yelpcdn.com/bphoto/tbOGzfJpiAWOYalJWgroRQ/o.jpg,False,https://www.yelp.com/biz/mcdonalds-new-york-105?adjust_creative=mpeREilc5wlDx-qcuxWJww&utm_campaign=yelp_api_v3&utm_medium=api_v3_business_search&utm_source=mpeREilc5wlDx-qcuxWJww,107,"[{'alias': 'hotdogs', 'title': 'Fast Food'}, {'alias': 'burgers', 'title': 'Burgers'}, {'alias': 'coffee', 'title': 'Coffee & Tea'}]",2.1,"{'latitude': 40.737016, 'longitude': -73.9906}",['delivery'],$,"{'address1': '39 Union Sq W', 'address2': '', 'address3': '', 'city': 'New York', 'zip_code': '10003', 'country': 'US', 'state': 'NY', 'display_address': ['39 Union Sq W', 'New York, NY 10003']}",+12126459079,(212) 645-9079,3524.3163185633443,"[{'open': [{'is_overnight': False, 'start': '0600', 'end': '0000', 'day': 0}, {'is_overnight': False, 'start': '0600', 'end': '0000', 'day': 1}, {'is_overnight': False, 'start': '0600', 'end': '0000', 'day': 2}, {'is_overnight': False, 'start': '0600', 'end': '0000', 'day': 3}, {'is_overnight': True, 'start': '0000', 'end': '0000', 'day': 4}, {'is_overnight': True, 'start': '0000', 'end': '0000', 'day': 5}, {'is_overnight': False, 'start': '0600', 'end': '0000', 'day': 6}], 'hours_type': 'REGULAR', 'is_open_now': True}]","{'business_temp_closed': None, 'menu_url': 'https://www.mcdonalds.com/us/en-us/full-menu.html', 'open24_hours': None, 'waitlist_reservation': None}"
A7r5ctv1o61RHYYjp8uZ9A,mcdonalds-brooklyn-17,McDonald's,https://s3-media3.fl.yelpcdn.com/bphoto/w4eIfPf53VnXS-SRZTdRGQ/o.jpg,False,https://www.yelp.com/biz/mcdonalds-brooklyn-17?adjust_creative=mpeREilc5wlDx-qcuxWJww&utm_campaign=yelp_api_v3&utm_medium=api_v3_business_search&utm_source=mpeREilc5wlDx-qcuxWJww,35,"[{'alias': 'hotdogs', 'title': 'Fast Food'}, {'alias': 'burgers', 'title': 'Burgers'}, {'alias': 'coffee', 'title': 'Coffee & Tea'}]",2.7,"{'latitude': 40.6735347644864, 'longitude': -73.9991258867485}",['delivery'],$,"{'address1': '357 Hamilton Ave', 'address2': '', 'address3': '', 'city': 'Brooklyn', 'zip_code': '11231', 'country': 'US', 'state': 'NY', 'display_address': ['357 Hamilton Ave', 'Brooklyn, NY 11231']}",+17186246688,(718) 624-6688,3571.5560720916487,"[{'open': [{'is_overnight': False, 'start': '0600', 'end': '2200', 'day': 0}, {'is_overnight': False, 'start': '0600', 'end': '2200', 'day': 1}, {'is_overnight': False, 'start': '0600', 'end': '2200', 'day': 2}, {'is_overnight': False, 'start': '0600', 'end': '2200', 'day': 3}, {'is_overnight': True, 'start': '0000', 'end': '0000', 'day': 4}, {'is_overnight': True, 'start': '0000', 'end': '0000', 'day': 5}, {'is_overnight': False, 'start': '0600', 'end': '2200', 'day': 6}], 'hours_type': 'REGULAR', 'is_open_now': False}]","{'business_temp_closed': None, 'menu_url': 'https://www.mcdonalds.com/us/en-us/full-menu.html?cid=PS:GCM_MOP:NB::Yelp:All', 'open24_hours': None, 'waitlist_reservation': None}"
RbhDdQfSY4x_CM4HQDSHUA,mcdonalds-new-york-146,McDonald's,https://s3-media2.fl.yelpcdn.com/bphoto/5wElOK9LNPbWA8hR-X3fbA/o.jpg,False,https://www.yelp.com/biz/mcdonalds-new-york-146?adjust_creative=mpeREilc5wlDx-qcuxWJww&utm_campaign=yelp_api_v3&utm_medium=api_v3_business_search&utm_source=mpeREilc5wlDx-qcuxWJww,79,"[{'alias': 'hotdogs', 'title': 'Fast Food'}, {'alias': 'burgers', 'title': 'Burgers'}, {'alias': 'coffee', 'title': 'Coffee & Tea'}]",2.7,"{'latitude': 40.737878914093265, 'longitude': -73.996726}",['delivery'],$,"{'address1': '541 6th Ave', 'address2': '', 'address3': '', 'city': 'New York', 'zip_code': '10011', 'country': 'US', 'state': 'NY', 'display_address': ['541 6th Ave', 'New York, NY 10011']}",+12124638869,(212) 463-8869,3612.3204231067784,"[{'open': [{'is_overnight': True, 'start': '0000', 'end': '0000', 'day': 0}, {'is_overnight': True, 'start': '0000', 'end': '0000', 'day': 1}, {'is_overnight': True, 'start': '0000', 'end': '0000', 'day': 2}, {'is_overnight': True, 'start': '0000', 'end': '0000', 'day': 3}, {'is_overnight': True, 'start': '0000', 'end': '0000', 'day': 4}, {'is_overnight': True, 'start': '0000', 'end': '0000', 'day': 5}, {'is_overnight': True, 'start': '0000', 'end': '0000', 'day': 6}], 'hours_type': 'REGULAR', 'is_open_now': True}]","{'business_temp_closed': None, 'menu_url': 'https://www.mcdonalds.com/us/en-us/full-menu.html?cid=PS:GCM_MOP:NB::Yelp:All', 'open24_hours': None, 'waitlist_reservation': None}"
_yInwn1jLMDuPaSuap-Jrg,mcdonalds-new-york-149,McDonald's,https://s3-media2.fl.yelpcdn.com/bphoto/ukkSzgNJiRXlEhaSuuwTug/o.jpg,False,https://www.yelp.com/biz/mcdonalds-new-york-149?adjust_creative=mpeREilc5wlDx-qcuxWJww&utm_campaign=yelp_api_v3&utm_medium=api_v3_business_search&utm_source=mpeREilc5wlDx-qcuxWJww,63,"[{'alias': 'burgers', 'title': 'Burgers'}, {'alias': 'hotdogs', 'title': 'Fast Food'}, {'alias': 'coffee', 'title': 'Coffee & Tea'}]",2.5,"{'latitude': 40.73695869767128, 'longitude': -73.97916902541076}",['delivery'],$,"{'address1': '336 E 23rd St', 'address2': '', 'address3': '', 'city': 'New York', 'zip_code': '10010', 'country': 'US', 'state': 'NY', 'display_address': ['336 E 23rd St', 'New York, NY 10010']}",+12122285529,(212) 228-5529,3728.7763266514658,"[{'open': [{'is_overnight': False, 'start': '0600', 'end': '0000', 'day': 0}, {'is_overnight': False, 'start': '0600', 'end': '0000', 'day': 1}, {'is_overnight': False, 'start': '0600', 'end': '0000', 'day': 2}, {'is_overnight': True, 'start': '0000', 'end': '0000', 'day': 3}, {'is_overnight': True, 'start': '0000', 'end': '0000', 'day': 4}, {'is_overnight': True, 'start': '0000', 'end': '0000', 'day': 5}, {'is_overnight': False, 'start': '0600', 'end': '0000', 'day': 6}], 'hours_type': 'REGULAR', 'is_open_now': True}]","{'business_temp_closed': None, 'menu_url': 'https://www.mcdonalds.com/us/en-us/full-menu.html?cid=PS:GCM_MOP:NB::Yelp:All', 'open24_hours': None, 'waitlist_reservation': None}"
p4EQbVuLddcTrgw_K8n8OA,mcdonalds-new-york-139,McDonald's,https://s3-media3.fl.yelpcdn.com/bphoto/vTEp2TtcKwsQQ634QrYecA/o.jpg,False,https://www.yelp.com/biz/mcdonalds-new-york-139?adjust_creative=mpeREilc5wlDx-qcuxWJww&utm_campaign=yelp_api_v3&utm_medium=api_v3_business_search&utm_source=mpeREilc5wlDx-qcuxWJww,63,"[{'alias': 'coffee', 'title': 'Coffee & Tea'}, {'alias': 'hotdogs', 'title': 'Fast Food'}, {'alias': 'burgers', 'title': 'Burgers'}]",2.6,"{'latitude': 40.74066617272895, 'longitude': -73.98785600205859}",['delivery'],$,"{'address1': '26 E 23rd St', 'address2': '', 'address3': '', 'city': 'New York', 'zip_code': '10010', 'country': 'US', 'state': 'NY', 'display_address': ['26 E 23rd St', 'New York, NY 10010']}",+16466829277,(646) 682-9277,3953.8175082004473,"[{'open': [{'is_overnight': False, 'start': '0630', 'end': '2300', 'day': 0}, {'is_overnight': False, 'start': '0630', 'end': '2300', 'day': 1}, {'is_overnight': False, 'start': '0630', 'end': '2300', 'day': 2}, {'is_overnight': False, 'start': '0630', 'end': '2300', 'day': 3}, {'is_overnight': False, 'start': '0630', 'end': '0000', 'day': 4}, {'is_overnight': False, 'start': '0630', 'end': '0000', 'day': 5}, {'is_overnight': False, 'start': '0630', 'end': '2300', 'day': 6}], 'hours_type': 'REGULAR', 'is_open_now': True}]","{'business_temp_closed': None, 'menu_url': 'https://www.mcdonalds.com/us/en-us/full-menu.html?cid=PS:GCM_MOP:NB::Yelp:All', 'open24_hours': None, 'waitlist_reservation': None}"
_5GAm7sED4vh95pKxFI71Q,mcdonalds-brooklyn-15,McDonald's,https://s3-media3.fl.yelpcdn.com/bphoto/bLcWKyRvZ4HDcSeR0NXT6g/o.jpg,False,https://www.yelp.com/biz/mcdonalds-brooklyn-15?adjust_creative=mpeREilc5wlDx-qcuxWJww&utm_campaign=yelp_api_v3&utm_medium=api_v3_business_search&utm_source=mpeREilc5wlDx-qcuxWJww,55,"[{'alias': 'hotdogs', 'title': 'Fast Food'}, {'alias': 'burgers', 'title': 'Burgers'}, {'alias': 'coffee', 'title': 'Coffee & Tea'}]",2.8,"{'latitude': 40.669651, 'longitude': -73.98681514307121}",['delivery'],$,"{'address1': '289 9th St', 'address2': '', 'address3': '', 'city': 'Brooklyn', 'zip_code': '11215', 'country': 'US', 'state': 'NY', 'display_address': ['289 9th St', 'Brooklyn, NY 11215']}",+17188328600,(718) 832-8600,4029.7258010137166,"[{'open': [{'is_overnight': False, 'start': '0600', 'end': '2300', 'day': 0}, {'is_overnight': False, 'start': '0600', 'end': '2300', 'day': 1}, {'is_overnight': False, 'start': '0600', 'end': '2300', 'day': 2}, {'is_overnight': False, 'start': '0600', 'end': '2300', 'day': 3}, {'is_overnight': False, 'start': '0600', 'end': '0000', 'day': 4}, {'is_overnight': False, 'start': '0600', 'end': '0000', 'day': 5}, {'is_overnight': False, 'start': '0600', 'end': '2300', 'day': 6}], 'hours_type': 'REGULAR', 'is_open_now': True}]","{'business_temp_closed': None, 'menu_url': 'https://www.mcdonalds.com/us/en-us/full-menu.html', 'open24_hours': None, 'waitlist_reservation': None}"
7pE13LirY0zj-gblKuDdqQ,mcdonalds-new-york-419,McDonald's,https://s3-media2.fl.yelpcdn.com/bphoto/p1NGEU93gnra3EziYo45mQ/o.jpg,False,https://www.yelp.com/biz/mcdonalds-new-york-419?adjust_creative=mpeREilc5wlDx-qcuxWJww&utm_campaign=yelp_api_v3&utm_medium=api_v3_business_search&utm_source=mpeREilc5wlDx-qcuxWJww,47,"[{'alias': 'coffee', 'title': 'Coffee & Tea'}, {'alias': 'burgers', 'title': 'Burgers'}, {'alias': 'hotdogs', 'title': 'Fast Food'}]",2.1,"{'latitude': 40.7419, 'longitude': -73.99319}",['delivery'],$,"{'address1': '686 6th Ave', 'address2': None, 'address3': None, 'city': 'New York', 'zip_code': '10010', 'country': 'US', 'state': 'NY', 'display_address': ['686 6th Ave', 'New York, NY 10010']}",+12126040621,(212) 604-0621,4056.923930027573,"[{'open': [{'is_overnight': True, 'start': '0000', 'end': '0000', 'day': 0}, {'is_overnight': True, 'start': '0000', 'end': '0000', 'day': 1}, {'is_overnight': True, 'start': '0000', 'end': '0000', 'day': 2}, {'is_overnight': True, 'start': '0000', 'end': '0000', 'day': 3}, {'is_overnight': True, 'start': '0000', 'end': '0000', 'day': 4}, {'is_overnight': True, 'start': '0000', 'end': '0000', 'day': 5}, {'is_overnight': True, 'start': '0000', 'end': '0000', 'day': 6}], 'hours_type': 'REGULAR', 'is_open_now': True}]","{'business_temp_closed': None, 'menu_url': 'https://www.mcdonalds.com/us/en-us/full-menu.html?cid=PS:GCM_MOP:NB::Yelp:All', 'open24_hours': None, 'waitlist_reservation': None}"
v2VqbGC1lrG2lFaC8rje4g,mcdonalds-new-york-106,McDonald's,https://s3-media2.fl.yelpcdn.com/bphoto/InmG-Bvj1S9Qdl141vHKdw/o.jpg,False,https://www.yelp.com/biz/mcdonalds-new-york-106?adjust_creative=mpeREilc5wlDx-qcuxWJww&utm_campaign=yelp_api_v3&utm_medium=api_v3_business_search&utm_source=mpeREilc5wlDx-qcuxWJww,71,"[{'alias': 'hotdogs', 'title': 'Fast Food'}, {'alias': 'burgers', 'title': 'Burgers'}, {'alias': 'coffee', 'title': 'Coffee & Tea'}]",2.2,"{'latitude': 40.743156, 'longitude': -73.98393}",['delivery'],$,"{'address1': '401 Park Ave S', 'address2': '', 'address3': '', 'city': 'New York', 'zip_code': '10016', 'country': 'US', 'state': 'NY', 'display_address': ['401 Park Ave S', 'New York, NY 10016']}",+12126834919,(212) 683-4919,4283.255794755901,"[{'open': [{'is_overnight': True, 'start': '0000', 'end': '0000', 'day': 0}, {'is_overnight': True, 'start': '0000', 'end': '0000', 'day': 1}, {'is_overnight': True, 'start': '0000', 'end': '0000', 'day': 2}, {'is_overnight': True, 'start': '0000', 'end': '0000', 'day': 3}, {'is_overnight': True, 'start': '0000', 'end': '0000', 'day': 4}, {'is_overnight': True, 'start': '0000', 'end': '0000', 'day': 5}, {'is_overnight': True, 'start': '0000', 'end': '0000', 'day': 6}], 'hours_type': 'REGULAR', 'is_open_now': True}]","{'business_temp_closed': None, 'menu_url': 'https://www.mcdonalds.com/us/en-us/full-menu.html?cid=PS:GCM_MOP:NB::Yelp:All', 'open24_hours': None, 'waitlist_reservation': None}"
NBVvD__J9JjomKtdds6Gvg,mcdonalds-brooklyn-72,McDonald's,https://s3-media1.fl.yelpcdn.com/bphoto/4DegSE3ldsT0UTrDNL43ng/o.jpg,False,https://www.yelp.com/biz/mcdonalds-brooklyn-72?adjust_creative=mpeREilc5wlDx-qcuxWJww&utm_campaign=yelp_api_v3&utm_medium=api_v3_business_search&utm_source=mpeREilc5wlDx-qcuxWJww,41,"[{'alias': 'hotdogs', 'title': 'Fast Food'}, {'alias': 'burgers', 'title': 'Burgers'}, {'alias': 'coffee', 'title': 'Coffee & Tea'}]",2.0,"{'latitude': 40.70136294874, 'longitude': -73.9434894919395}",['delivery'],$,"{'address1': '700 Broadway', 'address2': '', 'address3': '', 'city': 'Brooklyn', 'zip_code': '11206', 'country': 'US', 'state': 'NY', 'display_address': ['700 Broadway', 'Brooklyn, NY 11206']}",+17185992870,(718) 599-2870,4306.550645901016,"[{'open': [{'is_overnight': True, 'start': '0000', 'end': '0000', 'day': 0}, {'is_overnight': True, 'start': '0000', 'end': '0000', 'day': 1}, {'is_overnight': True, 'start': '0000', 'end': '0000', 'day': 2}, {'is_overnight': True, 'start': '0000', 'end': '0000', 'day': 3}, {'is_overnight': True, 'start': '0000', 'end': '0000', 'day': 4}, {'is_overnight': True, 'start': '0000', 'end': '0000', 'day': 5}, {'is_overnight': True, 'start': '0000', 'end': '0000', 'day': 6}], 'hours_type': 'REGULAR', 'is_open_now': True}]","{'business_temp_closed': None, 'menu_url': 'https://www.mcdonalds.com/us/en-us/full-menu.html?cid=PS:GCM_MOP:NB::Yelp:All', 'open24_hours': None, 'waitlist_reservation': None}"
cLXIlxKwnvUPg8JoxdfNwg,mcdonalds-brooklyn-57,McDonald's,https://s3-media2.fl.yelpcdn.com/bphoto/3Qw8uJYrIFuVKNBJYzw5Mw/o.jpg,False,https://www.yelp.com/biz/mcdonalds-brooklyn-57?adjust_creative=mpeREilc5wlDx-qcuxWJww&utm_campaign=yelp_api_v3&utm_medium=api_v3_business_search&utm_source=mpeREilc5wlDx-qcuxWJww,21,"[{'alias': 'hotdogs', 'title': 'Fast Food'}, {'alias': 'burgers', 'title': 'Burgers'}, {'alias': 'coffee', 'title': 'Coffee & Tea'}]",2.6,"{'latitude': 40.7119895, 'longitude': -73.9432113}",['delivery'],$,"{'address1': '741 Grand St', 'address2': '', 'address3': '', 'city': 'Brooklyn', 'zip_code': '11211', 'country': 'US', 'state': 'NY', 'display_address': ['741 Grand St', 'Brooklyn, NY 11211']}",+17183022450,(718) 302-2450,4366.738261741316,"[{'open': [{'is_overnight': False, 'start': '0600', 'end': '2300', 'day': 0}, {'is_overnight': False, 'start': '0600', 'end': '2300', 'day': 1}, {'is_overnight': False, 'start': '0600', 'end': '2300', 'day': 2}, {'is_overnight': False, 'start': '0600', 'end': '2300', 'day': 3}, {'is_overnight': False, 'start': '0600', 'end': '0000', 'day': 4}, {'is_overnight': False, 'start': '0600', 'end': '0000', 'day': 5}, {'is_overnight': False, 'start': '0600', 'end': '2300', 'day': 6}], 'hours_type': 'REGULAR', 'is_open_now': True}]","{'business_temp_closed': None, 'menu_url': 'https://www.mcdonalds.com/us/en-us/full-menu.html?cid=PS:GCM_MOP:NB::Yelp:All', 'open24_hours': None, 'waitlist_reservation': None}"
Tr942SPajn138V7ZDx7Ckw,mcdonalds-brooklyn-36,McDonald's,https://s3-media2.fl.yelpcdn.com/bphoto/_nesLjQsfrakbHiBqsj0bQ/o.jpg,False,https://www.yelp.com/biz/mcdonalds-brooklyn-36?adjust_creative=mpeREilc5wlDx-qcuxWJww&utm_campaign=yelp_api_v3&utm_medium=api_v3_business_search&utm_source=mpeREilc5wlDx-qcuxWJww,105,"[{'alias': 'hotdogs', 'title': 'Fast Food'}, {'alias': 'burgers', 'title': 'Burgers'}, {'alias': 'coffee', 'title': 'Coffee & Tea'}]",1.8,"{'latitude': 40.730389, 'longitude': -73.954109}",['delivery'],$,"{'address1': '904 Manhattan Ave', 'address2': '', 'address3': '', 'city': 'Brooklyn', 'zip_code': '11222', 'country': 'US', 'state': 'NY', 'display_address': ['904 Manhattan Ave', 'Brooklyn, NY 11222']}",+17183890851,(718) 389-0851,4377.501848323406,"[{'open': [{'is_overnight': True, 'start': '0000', 'end': '0000', 'day': 0}, {'is_overnight': True, 'start': '0000', 'end': '0000', 'day': 1}, {'is_overnight': True, 'start': '0000', 'end': '0000', 'day': 2}, {'is_overnight': True, 'start': '0000', 'end': '0000', 'day': 3}, {'is_overnight': True, 'start': '0000', 'end': '0000', 'day': 4}, {'is_overnight': True, 'start': '0000', 'end': '0000', 'day': 5}, {'is_overnight': True, 'start': '0000', 'end': '0000', 'day': 6}], 'hours_type': 'REGULAR', 'is_open_now': True}]","{'business_temp_closed': None, 'menu_url': 'https://www.mcdonalds.com/us/en-us/full-menu.html?cid=PS:GCM_MOP:NB::Yelp:All', 'open24_hours': None, 'waitlist_reservation': None}"
Nas5pzAal92xIMwTmQMQeg,mcdonalds-jersey-city-11,McDonald's,https://s3-media3.fl.yelpcdn.com/bphoto/L18z4rpkz0RsAm5AeFPb7g/o.jpg,False,https://www.yelp.com/biz/mcdonalds-jersey-city-11?adjust_creative=mpeREilc5wlDx-qcuxWJww&utm_campaign=yelp_api_v3&utm_medium=api_v3_business_search&utm_source=mpeREilc5wlDx-qcuxWJww,42,"[{'alias': 'hotdogs', 'title': 'Fast Food'}, {'alias': 'burgers', 'title': 'Burgers'}, {'alias': 'coffee', 'title': 'Coffee & Tea'}]",1.9,"{'latitude': 40.71985903237816, 'longitude': -74.0430481840514}",['delivery'],$,"{'address1': '325 Grove St', 'address2': '', 'address3': '', 'city': 'Jersey City', 'zip_code': '07302', 'country': 'US', 'state': 'NJ', 'display_address': ['325 Grove St', 'Jersey City, NJ 07302']}",+12013337888,(201) 333-7888,4410.8037479718405,"[{'open': [{'is_overnight': True, 'start': '0000', 'end': '0000', 'day': 0}, {'is_overnight': True, 'start': '0000', 'end': '0000', 'day': 1}, {'is_overnight': True, 'start': '0000', 'end': '0000', 'day': 2}, {'is_overnight': True, 'start': '0000', 'end': '0000', 'day': 3}, {'is_overnight': True, 'start': '0000', 'end': '0000', 'day': 4}, {'is_overnight': True, 'start': '0000', 'end': '0000', 'day': 5}, {'is_overnight': True, 'start': '0000', 'end': '0000', 'day': 6}], 'hours_type': 'REGULAR', 'is_open_now': True}]","{'business_temp_closed': None, 'menu_url': 'https://www.mcdonalds.com/us/en-us/full-menu.html?cid=PS:GCM_MOP:NB::Yelp:All', 'open24_hours': None, 'waitlist_reservation': None}"
IWvjQD6N91Jq9iRCRPVzQg,mcdonalds-jersey-city-6,McDonald's,https://s3-media2.fl.yelpcdn.com/bphoto/9N35lEBoFbK3LjLCS3LDQA/o.jpg,False,https://www.yelp.com/biz/mcdonalds-jersey-city-6?adjust_creative=mpeREilc5wlDx-qcuxWJww&utm_campaign=yelp_api_v3&utm_medium=api_v3_business_search&utm_source=mpeREilc5wlDx-qcuxWJww,14,"[{'alias': 'hotdogs', 'title': 'Fast Food'}, {'alias': 'burgers', 'title': 'Burgers'}, {'alias': 'coffee', 'title': 'Coffee & Tea'}]",2.2,"{'latitude': 40.7265007713427, 'longitude': -74.0386995190144}",['delivery'],$,"{'address1': '30 Mall Dr W', 'address2': '', 'address3': '', 'city': 'Jersey City', 'zip_code': '07310', 'country': 'US', 'state': 'NJ', 'display_address': ['30 Mall Dr W', 'Jersey City, NJ 07310']}",+12016262211,(201) 626-2211,4414.592583166383,"[{'open': [{'is_overnight': False, 'start': '0700', 'end': '2200', 'day': 0}, {'is_overnight': False, 'start': '0700', 'end': '2200', 'day': 1}, {'is_overnight': False, 'start': '0700', 'end': '2200', 'day': 2}, {'is_overnight': False, 'start': '0700', 'end': '2200', 'day': 3}, {'is_overnight': False, 'start': '0700', 'end': '2300', 'day': 4}, {'is_overnight': False, 'start': '0700', 'end': '2300', 'day': 5}, {'is_overnight': False, 'start': '0800', 'end': '2000', 'day': 6}], 'hours_type': 'REGULAR', 'is_open_now': False}]","{'business_temp_closed': None, 'menu_url': 'https://www.mcdonalds.com/us/en-us/full-menu.html?cid=PS:GCM_MOP:NB::Yelp:All', 'open24_hours': None, 'waitlist_reservation': None}"
ZEMGHHVr18xvx9bLWB5pBQ,mcdonalds-new-york-421,McDonald's,https://s3-media2.fl.yelpcdn.com/bphoto/FVXhXhDBt5qq9VJnODf65Q/o.jpg,False,https://www.yelp.com/biz/mcdonalds-new-york-421?adjust_creative=mpeREilc5wlDx-qcuxWJww&utm_campaign=yelp_api_v3&utm_medium=api_v3_business_search&utm_source=mpeREilc5wlDx-qcuxWJww,37,"[{'alias': 'coffee', 'title': 'Coffee & Tea'}, {'alias': 'burgers', 'title': 'Burgers'}, {'alias': 'hotdogs', 'title': 'Fast Food'}]",2.7,"{'latitude': 40.7460245993508, 'longitude': -73.9908921147048}",['delivery'],$,"{'address1': '809 Avenue Of The Americas', 'address2': None, 'address3': None, 'city': 'New York', 'zip_code': '10001', 'country': 'US', 'state': 'NY', 'display_address': ['809 Avenue Of The Americas', 'New York, NY 10001']}",+12124639495,(212) 463-9495,4521.348549888461,"[{'open': [{'is_overnight': False, 'start': '0600', 'end': '2300', 'day': 0}, {'is_overnight': False, 'start': '0600', 'end': '2300', 'day': 1}, {'is_overnight': False, 'start': '0600', 'end': '2300', 'day': 2}, {'is_overnight': True, 'start': '0000', 'end': '0000', 'day': 3}, {'is_overnight': True, 'start': '0000', 'end': '0000', 'day': 4}, {'is_overnight': True, 'start': '0000', 'end': '0000', 'day': 5}, {'is_overnight': False, 'start': '0600', 'end': '2300', 'day': 6}], 'hours_type': 'REGULAR', 'is_open_now': True}]","{'business_temp_closed': None, 'menu_url': 'https://www.mcdonalds.com/us/en-us/full-menu.html?cid=PS:GCM_MOP:NB::Yelp:All', 'open24_hours': None, 'waitlist_reservation': None}"
oGq_6DQ1AoQrAYfFSDV_-Q,mcdonalds-new-york-110,McDonald's,https://s3-media4.fl.yelpcdn.com/bphoto/7JRDdE5feGf3BnaAsQ6Fdg/o.jpg,False,https://www.yelp.com/biz/mcdonalds-new-york-110?adjust_creative=mpeREilc5wlDx-qcuxWJww&utm_campaign=yelp_api_v3&utm_medium=api_v3_business_search&utm_source=mpeREilc5wlDx-qcuxWJww,43,"[{'alias': 'hotdogs', 'title': 'Fast Food'}, {'alias': 'burgers', 'title': 'Burgers'}, {'alias': 'coffee', 'title': 'Coffee & Tea'}]",2.5,"{'latitude': 40.744904, 'longitude': -73.978949}",['delivery'],$,"{'address1': '480 3rd Ave', 'address2': '', 'address3': '', 'city': 'New York', 'zip_code': '10016', 'country': 'US', 'state': 'NY', 'display_address': ['480 3rd Ave', 'New York, NY 10016']}",+12125328186,(212) 532-8186,4574.213053908998,"[{'open': [{'is_overnight': False, 'start': '0630', 'end': '2330', 'day': 0}, {'is_overnight': False, 'start': '0630', 'end': '2330', 'day': 1}, {'is_overnight': False, 'start': '0630', 'end': '2330', 'day': 2}, {'is_overnight': False, 'start': '0630', 'end': '0000', 'day': 3}, {'is_overnight': True, 'start': '0000', 'end': '0000', 'day': 4}, {'is_overnight': True, 'start': '0000', 'end': '0000', 'day': 5}, {'is_overnight': False, 'start': '0630', 'end': '2300', 'day': 6}], 'hours_type': 'REGULAR', 'is_open_now': True}]","{'business_temp_closed': None, 'menu_url': 'https://www.mcdonalds.com/us/en-us/full-menu.html?cid=PS:GCM_MOP:NB::Yelp:All', 'open24_hours': None, 'waitlist_reservation': None}"
eVw3KQUlVKWYp5saQntAVQ,mcdonalds-brooklyn-3,McDonald's,https://s3-media3.fl.yelpcdn.com/bphoto/qOKAiF4rjfXWDaB-BdLBpA/o.jpg,False,https://www.yelp.com/biz/mcdonalds-brooklyn-3?adjust_creative=mpeREilc5wlDx-qcuxWJww&utm_campaign=yelp_api_v3&utm_medium=api_v3_business_search&utm_source=mpeREilc5wlDx-qcuxWJww,39,"[{'alias': 'burgers', 'title': 'Burgers'}, {'alias': 'hotdogs', 'title': 'Fast Food'}, {'alias': 'coffee', 'title': 'Coffee & Tea'}]",1.9,"{'latitude': 40.680573, 'longitude': -73.950335}",['delivery'],$,"{'address1': '1275 Fulton St', 'address2': '', 'address3': '', 'city': 'Brooklyn', 'zip_code': '11216', 'country': 'US', 'state': 'NY', 'display_address': ['1275 Fulton St', 'Brooklyn, NY 11216']}",+17182334323,(718) 233-4323,4624.260634316273,"[{'open': [{'is_overnight': False, 'start': '0700', 'end': '2100', 'day': 0}, {'is_overnight': False, 'start': '0700', 'end': '2100', 'day': 1}, {'is_overnight': False, 'start': '0700', 'end': '2100', 'day': 2}, {'is_overnight': False, 'start': '0700', 'end': '2100', 'day': 3}, {'is_overnight': False, 'start': '0700', 'end': '2100', 'day': 4}, {'is_overnight': False, 'start': '0700', 'end': '2100', 'day': 5}, {'is_overnight': False, 'start': '0700', 'end': '2100', 'day': 6}], 'hours_type': 'REGULAR', 'is_open_now': False}]","{'business_temp_closed': None, 'menu_url': 'https://www.mcdonalds.com/us/en-us/full-menu.html?cid=PS:GCM_MOP:NB::Yelp:All', 'open24_hours': None, 'waitlist_reservation': None}"
J8n4z6pqHt8tiHkAaA0JVg,mcdonalds-brooklyn-31,McDonald's,https://s3-media2.fl.yelpcdn.com/bphoto/GCNILi6LYFpe4EZx645_WQ/o.jpg,False,https://www.yelp.com/biz/mcdonalds-brooklyn-31?adjust_creative=mpeREilc5wlDx-qcuxWJww&utm_campaign=yelp_api_v3&utm_medium=api_v3_business_search&utm_source=mpeREilc5wlDx-qcuxWJww,51,"[{'alias': 'burgers', 'title': 'Burgers'}, {'alias': 'hotdogs', 'title': 'Fast Food'}, {'alias': 'coffee', 'title': 'Coffee & Tea'}]",1.7,"{'latitude': 40.72207, 'longitude': -73.9405}",['delivery'],$,"{'address1': '652 Meeker Ave', 'address2': '', 'address3': '', 'city': 'Brooklyn', 'zip_code': '11222', 'country': 'US', 'state': 'NY', 'display_address': ['652 Meeker Ave', 'Brooklyn, NY 11222']}",+17184866195,(718) 486-6195,4898.578404681756,"[{'open': [{'is_overnight': True, 'start': '0000', 'end': '0000', 'day': 0}, {'is_overnight': True, 'start': '0000', 'end': '0000', 'day': 1}, {'is_overnight': True, 'start': '0000', 'end': '0000', 'day': 2}, {'is_overnight': True, 'start': '0000', 'end': '0000', 'day': 3}, {'is_overnight': True, 'start': '0000', 'end': '0000', 'day': 4}, {'is_overnight': True, 'start': '0000', 'end': '0000', 'day': 5}, {'is_overnight': True, 'start': '0000', 'end': '0000', 'day': 6}], 'hours_type': 'REGULAR', 'is_open_now': True}]","{'business_temp_closed': None, 'menu_url': 'https://www.mcdonalds.com/us/en-us/full-menu.html?cid=PS:GCM_MOP:NB::Yelp:All', 'open24_hours': None, 'waitlist_reservation': None}"
RoxNWmhp6A52cqGJNXpuTw,mcdonalds-jersey-city-19,McDonald's,https://s3-media3.fl.yelpcdn.com/bphoto/0evpSumpN4mpFP-3RlJ6Hw/o.jpg,False,https://www.yelp.com/biz/mcdonalds-jersey-city-19?adjust_creative=mpeREilc5wlDx-qcuxWJww&utm_campaign=yelp_api_v3&utm_medium=api_v3_business_search&utm_source=mpeREilc5wlDx-qcuxWJww,44,"[{'alias': 'hotdogs', 'title': 'Fast Food'}, {'alias': 'burgers', 'title': 'Burgers'}, {'alias': 'coffee', 'title': 'Coffee & Tea'}]",1.6,"{'latitude': 40.7298582022253, 'longitude': -74.0426004871025}",['delivery'],$,"{'address1': '197 12th St', 'address2': '', 'address3': '', 'city': 'Jersey City', 'zip_code': '07310', 'country': 'US', 'state': 'NJ', 'display_address': ['197 12th St', 'Jersey City, NJ 07310']}",+12017639994,(201) 763-9994,4893.296272879678,"[{'open': [{'is_overnight': True, 'start': '0000', 'end': '0000', 'day': 0}, {'is_overnight': True, 'start': '0000', 'end': '0000', 'day': 1}, {'is_overnight': True, 'start': '0000', 'end': '0000', 'day': 2}, {'is_overnight': True, 'start': '0000', 'end': '0000', 'day': 3}, {'is_overnight': True, 'start': '0000', 'end': '0000', 'day': 4}, {'is_overnight': True, 'start': '0000', 'end': '0000', 'day': 5}, {'is_overnight': True, 'start': '0000', 'end': '0000', 'day': 6}], 'hours_type': 'REGULAR', 'is_open_now': True}]","{'business_temp_closed': None, 'menu_url': 'https://www.mcdonalds.com/us/en-us/full-menu.html?cid=PS:GCM_MOP:NB::Yelp:All', 'open24_hours': None, 'waitlist_reservation': None}"
mZ5vJAcfnEm0JW3F47yekg,mcdonalds-hoboken,McDonald's,https://s3-media4.fl.yelpcdn.com/bphoto/U2ZfLAKlmVgUMd0BDlWbJw/o.jpg,False,https://www.yelp.com/biz/mcdonalds-hoboken?adjust_creative=mpeREilc5wlDx-qcuxWJww&utm_campaign=yelp_api_v3&utm_medium=api_v3_business_search&utm_source=mpeREilc5wlDx-qcuxWJww,85,"[{'alias': 'hotdogs', 'title': 'Fast Food'}, {'alias': 'burgers', 'title': 'Burgers'}, {'alias': 'coffee', 'title': 'Coffee & Tea'}]",1.9,"{'latitude': 40.73997785443494, 'longitude': -74.0304367149817}",['delivery'],$,"{'address1': '234 Washington St', 'address2': '', 'address3': '', 'city': 'Hoboken', 'zip_code': '07030', 'country': 'US', 'state': 'NJ', 'display_address': ['234 Washington St', 'Hoboken, NJ 07030']}",+12017982078,(201) 798-2078,4901.23763298396,"[{'open': [{'is_overnight': True, 'start': '0000', 'end': '0000', 'day': 0}, {'is_overnight': True, 'start': '0000', 'end': '0000', 'day': 1}, {'is_overnight': True, 'start': '0000', 'end': '0000', 'day': 2}, {'is_overnight': True, 'start': '0000', 'end': '0000', 'day': 3}, {'is_overnight': True, 'start': '0000', 'end': '0000', 'day': 4}, {'is_overnight': True, 'start': '0000', 'end': '0000', 'day': 5}, {'is_overnight': True, 'start': '0000', 'end': '0000', 'day': 6}], 'hours_type': 'REGULAR', 'is_open_now': True}]","{'business_temp_closed': None, 'menu_url': 'https://www.mcdonalds.com/us/en-us/full-menu.html?cid=PS:GCM_MOP:NB::Yelp:All', 'open24_hours': None, 'waitlist_reservation': None}"
T3kIirVGijXVCmftl6287w,mcdonalds-new-york-393,McDonald's,https://s3-media2.fl.yelpcdn.com/bphoto/6CMx3hGscDPpl7L73PzWoQ/o.jpg,False,https://www.yelp.com/biz/mcdonalds-new-york-393?adjust_creative=mpeREilc5wlDx-qcuxWJww&utm_campaign=yelp_api_v3&utm_medium=api_v3_business_search&utm_source=mpeREilc5wlDx-qcuxWJww,41,"[{'alias': 'hotdogs', 'title': 'Fast Food'}, {'alias': 'burgers', 'title': 'Burgers'}, {'alias': 'coffee', 'title': 'Coffee & Tea'}]",2.4,"{'latitude': 40.750547, 'longitude': -73.990723}",['delivery'],$,"{'address1': '429 7th Ave', 'address2': '', 'address3': '', 'city': 'New York', 'zip_code': '10001', 'country': 'US', 'state': 'NY', 'display_address': ['429 7th Ave', 'New York, NY 10001']}",+12127367890,(212) 736-7890,5024.13843961956,"[{'open': [{'is_overnight': True, 'start': '0000', 'end': '0000', 'day': 0}, {'is_overnight': True, 'start': '0000', 'end': '0000', 'day': 1}, {'is_overnight': True, 'start': '0000', 'end': '0000', 'day': 2}, {'is_overnight': True, 'start': '0000', 'end': '0000', 'day': 3}, {'is_overnight': True, 'start': '0000', 'end': '0000', 'day': 4}, {'is_overnight': True, 'start': '0000', 'end': '0000', 'day': 5}, {'is_overnight': True, 'start': '0000', 'end': '0000', 'day': 6}], 'hours_type': 'REGULAR', 'is_open_now': True}]","{'business_temp_closed': None, 'menu_url': 'https://www.mcdonalds.com/us/en-us/full-menu.html?cid=PS:GCM_MOP:NB::Yelp:All', 'open24_hours': None, 'waitlist_reservation': None}"
80sP6IPrSSeP3BqKsWjfZA,mcdonalds-new-york-129,McDonald's,https://s3-media2.fl.yelpcdn.com/bphoto/dNog7SwlIUYlj_yQaN167g/o.jpg,False,https://www.yelp.com/biz/mcdonalds-new-york-129?adjust_creative=mpeREilc5wlDx-qcuxWJww&utm_campaign=yelp_api_v3&utm_medium=api_v3_business_search&utm_source=mpeREilc5wlDx-qcuxWJww,19,"[{'alias': 'burgers', 'title': 'Burgers'}, {'alias': 'hotdogs', 'title': 'Fast Food'}, {'alias': 'coffee', 'title': 'Coffee & Tea'}]",2.1,"{'latitude': 40.75075074693335, 'longitude': -73.98962238424701}",['delivery'],$,"{'address1': '151 W 34th St', 'address2': '', 'address3': '', 'city': 'New York', 'zip_code': '10001', 'country': 'US', 'state': 'NY', 'display_address': ['151 W 34th St', 'New York, NY 10001']}",+12125941964,(212) 594-1964,5053.130243451512,"[{'open': [{'is_overnight': False, 'start': '0800', 'end': '2200', 'day': 0}, {'is_overnight': False, 'start': '0800', 'end': '2200', 'day': 1}, {'is_overnight': False, 'start': '0800', 'end': '2200', 'day': 2}, {'is_overnight': False, 'start': '0800', 'end': '2200', 'day': 3}, {'is_overnight': False, 'start': '0800', 'end': '2200', 'day': 4}, {'is_overnight': False, 'start': '0800', 'end': '2200', 'day': 5}, {'is_overnight': False, 'start': '0800', 'end': '2100', 'day': 6}], 'hours_type': 'REGULAR', 'is_open_now': False}]","{'business_temp_closed': None, 'menu_url': 'https://www.mcdonalds.com/us/en-us/full-menu.html?cid=PS:GCM_MOP:NB::Yelp:All', 'open24_hours': None, 'waitlist_reservation': None}"
UzMHlyXJgxiWbGWtbFCyaA,mcdonalds-jersey-city-7,McDonald's,https://s3-media1.fl.yelpcdn.com/bphoto/ZRfE1R1q8Gjx6CvhTI-0IA/o.jpg,False,https://www.yelp.com/biz/mcdonalds-jersey-city-7?adjust_creative=mpeREilc5wlDx-qcuxWJww&utm_campaign=yelp_api_v3&utm_medium=api_v3_business_search&utm_source=mpeREilc5wlDx-qcuxWJww,50,"[{'alias': 'hotdogs', 'title': 'Fast Food'}, {'alias': 'burgers', 'title': 'Burgers'}, {'alias': 'coffee', 'title': 'Coffee & Tea'}]",1.8,"{'latitude': 40.71741, 'longitude': -74.053334}",['delivery'],$,"{'address1': '428 Grand St', 'address2': '', 'address3': '', 'city': 'Jersey City', 'zip_code': '07302', 'country': 'US', 'state': 'NJ', 'display_address': ['428 Grand St', 'Jersey City, NJ 07302']}",+12014330055,(201) 433-0055,5151.10504484173,"[{'open': [{'is_overnight': True, 'start': '0000', 'end': '0000', 'day': 0}, {'is_overnight': True, 'start': '0000', 'end': '0000', 'day': 1}, {'is_overnight': True, 'start': '0000', 'end': '0000', 'day': 2}, {'is_overnight': True, 'start': '0000', 'end': '0000', 'day': 3}, {'is_overnight': True, 'start': '0000', 'end': '0000', 'day': 4}, {'is_overnight': True, 'start': '0000', 'end': '0000', 'day': 5}, {'is_overnight': True, 'start': '0000', 'end': '0000', 'day': 6}], 'hours_type': 'REGULAR', 'is_open_now': True}]","{'business_temp_closed': None, 'menu_url': 'https://www.mcdonalds.com/us/en-us/full-menu.html?cid=PS:GCM_MOP:NB::Yelp:All', 'open24_hours': None, 'waitlist_reservation': None}"
aUGq0Cy4yNkBlwzDP2OTbQ,mcdonalds-new-york-427,McDonald's,https://s3-media1.fl.yelpcdn.com/bphoto/CFUufuVWYd4v5eH1ZLJUxg/o.jpg,False,https://www.yelp.com/biz/mcdonalds-new-york-427?adjust_creative=mpeREilc5wlDx-qcuxWJww&utm_campaign=yelp_api_v3&utm_medium=api_v3_business_search&utm_source=mpeREilc5wlDx-qcuxWJww,82,"[{'alias': 'hotdogs', 'title': 'Fast Food'}, {'alias': 'burgers', 'title': 'Burgers'}, {'alias': 'coffee', 'title': 'Coffee & Tea'}]",2.3,"{'latitude': 40.75251, 'longitude': -73.993004}",['delivery'],$,"{'address1': '490 8th Ave', 'address2': '', 'address3': '', 'city': 'New York', 'zip_code': '10001', 'country': 'US', 'state': 'NY', 'display_address': ['490 8th Ave', 'New York, NY 10001']}",+12129470771,(212) 947-0771,5234.525875131972,"[{'open': [{'is_overnight': True, 'start': '0000', 'end': '0000', 'day': 0}, {'is_overnight': True, 'start': '0000', 'end': '0000', 'day': 1}, {'is_overnight': True, 'start': '0000', 'end': '0000', 'day': 2}, {'is_overnight': True, 'start': '0000', 'end': '0000', 'day': 3}, {'is_overnight': True, 'start': '0000', 'end': '0000', 'day': 4}, {'is_overnight': True, 'start': '0000', 'end': '0000', 'day': 5}, {'is_overnight': True, 'start': '0000', 'end': '0000', 'day': 6}], 'hours_type': 'REGULAR', 'is_open_now': True}]","{'business_temp_closed': None, 'menu_url': 'https://www.mcdonalds.com/us/en-us/full-menu.html?cid=PS:GCM_MOP:NB::Yelp:All', 'open24_hours': None, 'waitlist_reservation': None}"
MDX8wugEKnO1HJoXR3rVcA,mcdonalds-brooklyn-55,McDonald's,https://s3-media1.fl.yelpcdn.com/bphoto/p7Bbxd3Ste8zHyR389QkTQ/o.jpg,False,https://www.yelp.com/biz/mcdonalds-brooklyn-55?adjust_creative=mpeREilc5wlDx-qcuxWJww&utm_campaign=yelp_api_v3&utm_medium=api_v3_business_search&utm_source=mpeREilc5wlDx-qcuxWJww,67,"[{'alias': 'hotdogs', 'title': 'Fast Food'}, {'alias': 'burgers', 'title': 'Burgers'}, {'alias': 'coffee', 'title': 'Coffee & Tea'}]",1.5,"{'latitude': 40.6800949274612, 'longitude': -73.9401206374168}",['delivery'],$,"{'address1': '1531 Fulton St', 'address2': '', 'address3': '', 'city': 'Brooklyn', 'zip_code': '11216', 'country': 'US', 'state': 'NY', 'display_address': ['1531 Fulton St', 'Brooklyn, NY 11216']}",+17187788016,(718) 778-8016,5367.079060014437,"[{'open': [{'is_overnight': True, 'start': '0000', 'end': '0000', 'day': 0}, {'is_overnight': True, 'start': '0000', 'end': '0000', 'day': 1}, {'is_overnight': True, 'start': '0000', 'end': '0000', 'day': 2}, {'is_overnight': True, 'start': '0000', 'end': '0000', 'day': 3}, {'is_overnight': True, 'start': '0000', 'end': '0000', 'day': 4}, {'is_overnight': True, 'start': '0000', 'end': '0000', 'day': 5}, {'is_overnight': True, 'start': '0000', 'end': '0000', 'day': 6}], 'hours_type': 'REGULAR', 'is_open_now': True}]","{'business_temp_closed': None, 'menu_url': 'https://www.mcdonalds.com/us/en-us/full-menu.html?cid=PS:GCM_MOP:NB::Yelp:All', 'open24_hours': None, 'waitlist_reservation': None}"
OBTZAyTcj5xptQBl2mJTSA,mcdonalds-new-york-89,McDonald's,https://s3-media2.fl.yelpcdn.com/bphoto/LIV4Ni-Q3Og4RMJ7WrBXMQ/o.jpg,False,https://www.yelp.com/biz/mcdonalds-new-york-89?adjust_creative=mpeREilc5wlDx-qcuxWJww&utm_campaign=yelp_api_v3&utm_medium=api_v3_business_search&utm_source=mpeREilc5wlDx-qcuxWJww,66,"[{'alias': 'hotdogs', 'title': 'Fast Food'}, {'alias': 'burgers', 'title': 'Burgers'}, {'alias': 'coffee', 'title': 'Coffee & Tea'}]",2.0,"{'latitude': 40.753042, 'longitude': -73.98028}",['delivery'],$,"{'address1': '18 E 42nd St', 'address2': None, 'address3': None, 'city': 'New York', 'zip_code': '10017', 'country': 'US', 'state': 'NY', 'display_address': ['18 E 42nd St', 'New York, NY 10017']}",+12125992127,(212) 599-2127,5422.676991123004,"[{'open': [{'is_overnight': False, 'start': '0600', 'end': '0000', 'day': 0}, {'is_overnight': False, 'start': '0600', 'end': '0000', 'day': 1}, {'is_overnight': False, 'start': '0600', 'end': '0000', 'day': 2}, {'is_overnight': False, 'start': '0600', 'end': '0000', 'day': 3}, {'is_overnight': True, 'start': '0000', 'end': '0000', 'day': 4}, {'is_overnight': True, 'start': '0000', 'end': '0000', 'day': 5}, {'is_overnight': False, 'start': '0600', 'end': '0000', 'day': 6}], 'hours_type': 'REGULAR', 'is_open_now': True}]","{'business_temp_closed': None, 'menu_url': 'https://www.mcdonalds.com/us/en-us/full-menu.html?cid=PS:GCM_MOP:NB::Yelp:All', 'open24_hours': None, 'waitlist_reservation': None}"
ucZsXih8NooClbjqxwGNnA,mcdonalds-brooklyn-58,McDonald's,https://s3-media2.fl.yelpcdn.com/bphoto/Dr84JzsHNrnttMktxd4SNA/o.jpg,False,https://www.yelp.com/biz/mcdonalds-brooklyn-58?adjust_creative=mpeREilc5wlDx-qcuxWJww&utm_campaign=yelp_api_v3&utm_medium=api_v3_business_search&utm_source=mpeREilc5wlDx-qcuxWJww,27,"[{'alias': 'burgers', 'title': 'Burgers'}, {'alias': 'hotdogs', 'title': 'Fast Food'}, {'alias': 'coffee', 'title': 'Coffee & Tea'}]",2.0,"{'latitude': 40.6637265935506, 'longitude': -73.9600627031359}",['delivery'],$,"{'address1': '57 Empire Blvd', 'address2': '', 'address3': '', 'city': 'Brooklyn', 'zip_code': '11226', 'country': 'US', 'state': 'NY', 'display_address': ['57 Empire Blvd', 'Brooklyn, NY 11226']}",+17182828100,(718) 282-8100,5463.498645574757,"[{'open': [{'is_overnight': True, 'start': '0600', 'end': '0200', 'day': 0}, {'is_overnight': True, 'start': '0600', 'end': '0200', 'day': 1}, {'is_overnight': True, 'start': '0600', 'end': '0200', 'day': 2}, {'is_overnight': True, 'start': '0600', 'end': '0200', 'day': 3}, {'is_overnight': True, 'start': '0600', 'end': '0400', 'day': 4}, {'is_overnight': True, 'start': '0000', 'end': '0000', 'day': 5}, {'is_overnight': True, 'start': '0400', 'end': '0200', 'day': 6}], 'hours_type': 'REGULAR', 'is_open_now': True}]","{'business_temp_closed': None, 'menu_url': 'https://www.mcdonalds.com/us/en-us/full-menu.html?cid=PS:GCM_MOP:NB::Yelp:All', 'open24_hours': None, 'waitlist_reservation': None}"
t-Qbb9XqTmXReF6ZQLzmSA,mcdonalds-new-york-410,McDonald's,https://s3-media2.fl.yelpcdn.com/bphoto/ZCdCBAqlJNT-PGhHvFvxHg/o.jpg,False,https://www.yelp.com/biz/mcdonalds-new-york-410?adjust_creative=mpeREilc5wlDx-qcuxWJww&utm_campaign=yelp_api_v3&utm_medium=api_v3_business_search&utm_source=mpeREilc5wlDx-qcuxWJww,55,"[{'alias': 'hotdogs', 'title': 'Fast Food'}, {'alias': 'burgers', 'title': 'Burgers'}, {'alias': 'coffee', 'title': 'Coffee & Tea'}]",1.9,"{'latitude': 40.75468, 'longitude': -73.98818}",['delivery'],$,"{'address1': '556 7th Ave', 'address2': '', 'address3': '', 'city': 'New York', 'zip_code': '10018', 'country': 'US', 'state': 'NY', 'display_address': ['556 7th Ave', 'New York, NY 10018']}",+12128691918,(212) 869-1918,5501.398582325524,"[{'open': [{'is_overnight': True, 'start': '0000', 'end': '0000', 'day': 0}, {'is_overnight': True, 'start': '0000', 'end': '0000', 'day': 1}, {'is_overnight': True, 'start': '0000', 'end': '0000', 'day': 2}, {'is_overnight': True, 'start': '0000', 'end': '0000', 'day': 3}, {'is_overnight': True, 'start': '0000', 'end': '0000', 'day': 4}, {'is_overnight': True, 'start': '0000', 'end': '0000', 'day': 5}, {'is_overnight': True, 'start': '0000', 'end': '0000', 'day': 6}], 'hours_type': 'REGULAR', 'is_open_now': True}]","{'business_temp_closed': None, 'menu_url': 'https://www.mcdonalds.com/us/en-us/full-menu.html?cid=PS:GCM_MOP:NB::Yelp:All', 'open24_hours': None, 'waitlist_reservation': None}"
JmkU5NYkgx09_t5ndIgu8A,mcdonalds-new-york-91,McDonald's,https://s3-media1.fl.yelpcdn.com/bphoto/62AI9FUAqWLYz6YJC4qH4Q/o.jpg,False,https://www.yelp.com/biz/mcdonalds-new-york-91?adjust_creative=mpeREilc5wlDx-qcuxWJww&utm_campaign=yelp_api_v3&utm_medium=api_v3_business_search&utm_source=mpeREilc5wlDx-qcuxWJww,74,"[{'alias': 'hotdogs', 'title': 'Fast Food'}, {'alias': 'burgers', 'title': 'Burgers'}, {'alias': 'coffee', 'title': 'Coffee & Tea'}]",1.7,"{'latitude': 40.75750467987617, 'longitude': -73.98992862697135}",['delivery'],$,"{'address1': '661 8th Ave', 'address2': None, 'address3': None, 'city': 'New York', 'zip_code': '10036', 'country': 'US', 'state': 'NY', 'display_address': ['661 8th Ave', 'New York, NY 10036']}",+12122213863,(212) 221-3863,5800.451237200968,"[{'open': [{'is_overnight': True, 'start': '0000', 'end': '0000', 'day': 0}, {'is_overnight': True, 'start': '0000', 'end': '0000', 'day': 1}, {'is_overnight': True, 'start': '0000', 'end': '0000', 'day': 2}, {'is_overnight': True, 'start': '0000', 'end': '0000', 'day': 3}, {'is_overnight': True, 'start': '0000', 'end': '0000', 'day': 4}, {'is_overnight': True, 'start': '0000', 'end': '0000', 'day': 5}, {'is_overnight': True, 'start': '0000', 'end': '0000', 'day': 6}], 'hours_type': 'REGULAR', 'is_open_now': True}]","{'business_temp_closed': None, 'menu_url': 'https://www.mcdonalds.com/us/en-us/full-menu.html?cid=PS:GCM_MOP:NB::Yelp:All', 'open24_hours': None, 'waitlist_reservation': None}"
aPUz7avK_yxMsAkhKRwJZA,mcdonalds-new-york-144,McDonald's,https://s3-media1.fl.yelpcdn.com/bphoto/5q01Ixn1QQH41CPxy4p09w/o.jpg,False,https://www.yelp.com/biz/mcdonalds-new-york-144?adjust_creative=mpeREilc5wlDx-qcuxWJww&utm_campaign=yelp_api_v3&utm_medium=api_v3_business_search&utm_source=mpeREilc5wlDx-qcuxWJww,38,"[{'alias': 'hotdogs', 'title': 'Fast Food'}, {'alias': 'burgers', 'title': 'Burgers'}, {'alias': 'coffee', 'title': 'Coffee & Tea'}]",2.0,"{'latitude': 40.7561457, 'longitude': -73.9777458}",['delivery'],$,"{'address1': '14 E 47th St', 'address2': '', 'address3': '', 'city': 'New York', 'zip_code': '10017', 'country': 'US', 'state': 'NY', 'display_address': ['14 E 47th St', 'New York, NY 10017']}",+13477799123,(347) 779-9123,5807.531439537162,"[{'open': [{'is_overnight': False, 'start': '0600', 'end': '2300', 'day': 0}, {'is_overnight': False, 'start': '0600', 'end': '2300', 'day': 1}, {'is_overnight': False, 'start': '0600', 'end': '2300', 'day': 2}, {'is_overnight': True, 'start': '0000', 'end': '0000', 'day': 3}, {'is_overnight': True, 'start': '0000', 'end': '0000', 'day': 4}, {'is_overnight': True, 'start': '0000', 'end': '0000', 'day': 5}, {'is_overnight': False, 'start': '0600', 'end': '2300', 'day': 6}], 'hours_type': 'REGULAR', 'is_open_now': True}]","{'business_temp_closed': None, 'menu_url': 'https://www.mcdonalds.com/us/en-us/full-menu.html?cid=PS:GCM_MOP:NB::Yelp:All', 'open24_hours': None, 'waitlist_reservation': None}"
YV5HoqQfrHUVYl6AhFzcYw,mcdonalds-brooklyn-21,McDonald's,https://s3-media4.fl.yelpcdn.com/bphoto/fdmXWs2Pmg0ZHr5aPCaS-w/o.jpg,False,https://www.yelp.com/biz/mcdonalds-brooklyn-21?adjust_creative=mpeREilc5wlDx-qcuxWJww&utm_campaign=yelp_api_v3&utm_medium=api_v3_business_search&utm_source=mpeREilc5wlDx-qcuxWJww,58,"[{'alias': 'hotdogs', 'title': 'Fast Food'}, {'alias': 'burgers', 'title': 'Burgers'}, {'alias': 'coffee', 'title': 'Coffee & Tea'}]",1.9,"{'latitude': 40.6537563983889, 'longitude': -74.0053652133975}",['delivery'],$,"{'address1': '968 4th Ave', 'address2': '', 'address3': '', 'city': 'Brooklyn', 'zip_code': '11232', 'country': 'US', 'state': 'NY', 'display_address': ['968 4th Ave', 'Brooklyn, NY 11232']}",+17187889226,(718) 788-9226,5822.830267695722,"[{'open': [{'is_overnight': False, 'start': '0700', 'end': '2300', 'day': 0}, {'is_overnight': False, 'start': '0700', 'end': '2300', 'day': 1}, {'is_overnight': False, 'start': '0700', 'end': '2300', 'day': 2}, {'is_overnight': False, 'start': '0700', 'end': '2300', 'day': 3}, {'is_overnight': False, 'start': '0700', 'end': '2300', 'day': 4}, {'is_overnight': False, 'start': '0700', 'end': '2300', 'day': 5}, {'is_overnight': False, 'start': '0700', 'end': '2300', 'day': 6}], 'hours_type': 'REGULAR', 'is_open_now': True}]","{'business_temp_closed': None, 'menu_url': 'https://www.mcdonalds.com/us/en-us/full-menu.html?cid=PS:GCM_MOP:NB::Yelp:All', 'open24_hours': None, 'waitlist_reservation': None}"
tItXLvz3qsgKuu9Qs9CAhQ,mcdonalds-new-york-442,McDonald's,https://s3-media2.fl.yelpcdn.com/bphoto/NQNmYdRWZaNdNGhiRfofRg/o.jpg,False,https://www.yelp.com/biz/mcdonalds-new-york-442?adjust_creative=mpeREilc5wlDx-qcuxWJww&utm_campaign=yelp_api_v3&utm_medium=api_v3_business_search&utm_source=mpeREilc5wlDx-qcuxWJww,49,"[{'alias': 'hotdogs', 'title': 'Fast Food'}, {'alias': 'coffee', 'title': 'Coffee & Tea'}, {'alias': 'burgers', 'title': 'Burgers'}]",2.0,"{'latitude': 40.757749, 'longitude': -73.9854003}",['delivery'],,"{'address1': '1528 Broadway', 'address2': '', 'address3': None, 'city': 'New York', 'zip_code': '10036', 'country': 'US', 'state': 'NY', 'display_address': ['1528 Broadway', 'New York, NY 10036']}",+19174095946,(917) 409-5946,5864.020419398903,"[{'open': [{'is_overnight': True, 'start': '0000', 'end': '0000', 'day': 0}, {'is_overnight': True, 'start': '0000', 'end': '0000', 'day': 1}, {'is_overnight': True, 'start': '0000', 'end': '0000', 'day': 2}, {'is_overnight': True, 'start': '0000', 'end': '0000', 'day': 3}, {'is_overnight': True, 'start': '0000', 'end': '0000', 'day': 4}, {'is_overnight': True, 'start': '0000', 'end': '0000', 'day': 5}, {'is_overnight': True, 'start': '0000', 'end': '0000', 'day': 6}], 'hours_type': 'REGULAR', 'is_open_now': True}]","{'business_temp_closed': None, 'menu_url': None, 'open24_hours': None, 'waitlist_reservation': None}"
CD5gpzAMffx1OYdOSmbk7w,mcdonalds-new-york-390,McDonald's,https://s3-media2.fl.yelpcdn.com/bphoto/OKOJjaX03W3j9BTAwI5bmQ/o.jpg,False,https://www.yelp.com/biz/mcdonalds-new-york-390?adjust_creative=mpeREilc5wlDx-qcuxWJww&utm_campaign=yelp_api_v3&utm_medium=api_v3_business_search&utm_source=mpeREilc5wlDx-qcuxWJww,70,"[{'alias': 'hotdogs', 'title': 'Fast Food'}, {'alias': 'burgers', 'title': 'Burgers'}, {'alias': 'coffee', 'title': 'Coffee & Tea'}]",2.1,"{'latitude': 40.757629, 'longitude': -73.98185}",['delivery'],$,"{'address1': '1188 6th Ave', 'address2': '', 'address3': '', 'city': 'New York', 'zip_code': '10036', 'country': 'US', 'state': 'NY', 'display_address': ['1188 6th Ave', 'New York, NY 10036']}",+12129442720,(212) 944-2720,5896.568293114173,"[{'open': [{'is_overnight': True, 'start': '0000', 'end': '0000', 'day': 0}, {'is_overnight': True, 'start': '0000', 'end': '0000', 'day': 1}, {'is_overnight': True, 'start': '0000', 'end': '0000', 'day': 2}, {'is_overnight': True, 'start': '0000', 'end': '0000', 'day': 3}, {'is_overnight': True, 'start': '0000', 'end': '0000', 'day': 4}, {'is_overnight': True, 'start': '0000', 'end': '0000', 'day': 5}, {'is_overnight': True, 'start': '0000', 'end': '0000', 'day': 6}], 'hours_type': 'REGULAR', 'is_open_now': True}]","{'business_temp_closed': None, 'menu_url': 'https://www.mcdonalds.com/us/en-us/full-menu.html?cid=PS:GCM_MOP:NB::Yelp:All', 'open24_hours': None, 'waitlist_reservation': None}"
aF05dAZpGr8eBiI2IkAFaA,mcdonalds-new-york-120,McDonald's,https://s3-media2.fl.yelpcdn.com/bphoto/muXsrqd1tTcRDMjqqHFNbg/o.jpg,False,https://www.yelp.com/biz/mcdonalds-new-york-120?adjust_creative=mpeREilc5wlDx-qcuxWJww&utm_campaign=yelp_api_v3&utm_medium=api_v3_business_search&utm_source=mpeREilc5wlDx-qcuxWJww,80,"[{'alias': 'burgers', 'title': 'Burgers'}, {'alias': 'hotdogs', 'title': 'Fast Food'}, {'alias': 'coffee', 'title': 'Coffee & Tea'}]",2.1,"{'latitude': 40.756163, 'longitude': -73.970751}",['delivery'],$,"{'address1': '824 3rd Avenue 50th St', 'address2': '', 'address3': '', 'city': 'New York', 'zip_code': '10022', 'country': 'US', 'state': 'NY', 'display_address': ['824 3rd Avenue 50th St', 'New York, NY 10022']}",+16469186867,(646) 918-6867,5978.301887964991,"[{'open': [{'is_overnight': True, 'start': '0000', 'end': '0000', 'day': 0}, {'is_overnight': True, 'start': '0000', 'end': '0000', 'day': 1}, {'is_overnight': True, 'start': '0000', 'end': '0000', 'day': 2}, {'is_overnight': True, 'start': '0000', 'end': '0000', 'day': 3}, {'is_overnight': True, 'start': '0000', 'end': '0000', 'day': 4}, {'is_overnight': True, 'start': '0000', 'end': '0000', 'day': 5}, {'is_overnight': True, 'start': '0000', 'end': '0000', 'day': 6}], 'hours_type': 'REGULAR', 'is_open_now': True}]","{'business_temp_closed': None, 'menu_url': 'https://www.mcdonalds.com/us/en-us/full-menu.html?cid=PS:GCM_MOP:NB::Yelp:All', 'open24_hours': None, 'waitlist_reservation': None}"
SdQsynrdEjalHmiZ9lK5dw,mcdonalds-brooklyn-52,McDonald's,https://s3-media2.fl.yelpcdn.com/bphoto/tZanqWucanMwMj4tW5V_kg/o.jpg,False,https://www.yelp.com/biz/mcdonalds-brooklyn-52?adjust_creative=mpeREilc5wlDx-qcuxWJww&utm_campaign=yelp_api_v3&utm_medium=api_v3_business_search&utm_source=mpeREilc5wlDx-qcuxWJww,31,"[{'alias': 'hotdogs', 'title': 'Fast Food'}, {'alias': 'burgers', 'title': 'Burgers'}, {'alias': 'coffee', 'title': 'Coffee & Tea'}]",1.9,"{'latitude': 40.654762, 'longitude': -73.96169}",['delivery'],$,"{'address1': '180 Parkside Ave', 'address2': '', 'address3': None, 'city': 'Brooklyn', 'zip_code': '11226', 'country': 'US', 'state': 'NY', 'display_address': ['180 Parkside Ave', 'Brooklyn, NY 11226']}",+17182822289,(718) 282-2289,6270.517467642197,"[{'open': [{'is_overnight': False, 'start': '0600', 'end': '2300', 'day': 0}, {'is_overnight': False, 'start': '0600', 'end': '2300', 'day': 1}, {'is_overnight': False, 'start': '0600', 'end': '2300', 'day': 2}, {'is_overnight': False, 'start': '0600', 'end': '2300', 'day': 3}, {'is_overnight': False, 'start': '0600', 'end': '2300', 'day': 4}, {'is_overnight': False, 'start': '0600', 'end': '2300', 'day': 5}, {'is_overnight': False, 'start': '0600', 'end': '2300', 'day': 6}], 'hours_type': 'REGULAR', 'is_open_now': True}]","{'business_temp_closed': None, 'menu_url': 'https://www.mcdonalds.com/us/en-us/full-menu.html?cid=PS:GCM_MOP:NB::Yelp:All', 'open24_hours': None, 'waitlist_reservation': None}"
38Joxlozn6obNoCpL-FT9A,mcdonalds-brooklyn-2,McDonald's,https://s3-media4.fl.yelpcdn.com/bphoto/-eb-R-oP5WVNRfGSZSKAPg/o.jpg,False,https://www.yelp.com/biz/mcdonalds-brooklyn-2?adjust_creative=mpeREilc5wlDx-qcuxWJww&utm_campaign=yelp_api_v3&utm_medium=api_v3_business_search&utm_source=mpeREilc5wlDx-qcuxWJww,23,"[{'alias': 'burgers', 'title': 'Burgers'}, {'alias': 'hotdogs', 'title': 'Fast Food'}, {'alias': 'coffee', 'title': 'Coffee & Tea'}]",1.8,"{'latitude': 40.699417, 'longitude': -73.919655}",['delivery'],$,"{'address1': '428 Knickerbocker Ave', 'address2': '', 'address3': '', 'city': 'Brooklyn', 'zip_code': '11237', 'country': 'US', 'state': 'NY', 'display_address': ['428 Knickerbocker Ave', 'Brooklyn, NY 11237']}",+17189197660,(718) 919-7660,6327.417249242437,"[{'open': [{'is_overnight': False, 'start': '0600', 'end': '2300', 'day': 0}, {'is_overnight': False, 'start': '0600', 'end': '2300', 'day': 1}, {'is_overnight': False, 'start': '0600', 'end': '2300', 'day': 2}, {'is_overnight': False, 'start': '0600', 'end': '2300', 'day': 3}, {'is_overnight': False, 'start': '0600', 'end': '2300', 'day': 4}, {'is_overnight': False, 'start': '0600', 'end': '2300', 'day': 5}, {'is_overnight': False, 'start': '0600', 'end': '2300', 'day': 6}], 'hours_type': 'REGULAR', 'is_open_now': True}]","{'business_temp_closed': None, 'menu_url': 'https://www.mcdonalds.com/us/en-us/full-menu.html?cid=PS:GCM_MOP:NB::Yelp:All', 'open24_hours': None, 'waitlist_reservation': None}"
f0VJirNbBXsS8Ihvv-Rs1g,mcdonalds-new-york-429,McDonald's,https://s3-media4.fl.yelpcdn.com/bphoto/6rmcAJwsDE-yL6_ViMKU2A/o.jpg,False,https://www.yelp.com/biz/mcdonalds-new-york-429?adjust_creative=mpeREilc5wlDx-qcuxWJww&utm_campaign=yelp_api_v3&utm_medium=api_v3_business_search&utm_source=mpeREilc5wlDx-qcuxWJww,88,"[{'alias': 'hotdogs', 'title': 'Fast Food'}, {'alias': 'burgers', 'title': 'Burgers'}, {'alias': 'coffee', 'title': 'Coffee & Tea'}]",2.3,"{'latitude': 40.762244, 'longitude': -73.983757}",['delivery'],$,"{'address1': '1651 Broadway', 'address2': '', 'address3': '', 'city': 'New York', 'zip_code': '10019', 'country': 'US', 'state': 'NY', 'display_address': ['1651 Broadway', 'New York, NY 10019']}",+12125865530,(212) 586-5530,6377.856044963352,"[{'open': [{'is_overnight': False, 'start': '0600', 'end': '0000', 'day': 0}, {'is_overnight': False, 'start': '0600', 'end': '0000', 'day': 1}, {'is_overnight': False, 'start': '0600', 'end': '0000', 'day': 2}, {'is_overnight': False, 'start': '0600', 'end': '0000', 'day': 3}, {'is_overnight': True, 'start': '0000', 'end': '0000', 'day': 4}, {'is_overnight': True, 'start': '0000', 'end': '0000', 'day': 5}, {'is_overnight': False, 'start': '0600', 'end': '0000', 'day': 6}], 'hours_type': 'REGULAR', 'is_open_now': True}]","{'business_temp_closed': None, 'menu_url': 'https://www.mcdonalds.com/us/en-us/full-menu.html?cid=PS:GCM_MOP:NB::Yelp:All', 'open24_hours': None, 'waitlist_reservation': None}"
iPdD7HA5kJzIjRDTSxWHXA,mcdonalds-brooklyn-11,McDonald's,https://s3-media1.fl.yelpcdn.com/bphoto/M5FVyHRFtHcgt1Q-2dujUA/o.jpg,False,https://www.yelp.com/biz/mcdonalds-brooklyn-11?adjust_creative=mpeREilc5wlDx-qcuxWJww&utm_campaign=yelp_api_v3&utm_medium=api_v3_business_search&utm_source=mpeREilc5wlDx-qcuxWJww,54,"[{'alias': 'burgers', 'title': 'Burgers'}, {'alias': 'hotdogs', 'title': 'Fast Food'}, {'alias': 'coffee', 'title': 'Coffee & Tea'}]",2.3,"{'latitude': 40.6891174068537, 'longitude': -73.9218781796989}",['delivery'],$,"{'address1': '1380 Broadway', 'address2': '', 'address3': '', 'city': 'Brooklyn', 'zip_code': '11221', 'country': 'US', 'state': 'NY', 'display_address': ['1380 Broadway', 'Brooklyn, NY 11221']}",+17185738797,(718) 573-8797,6369.120649938665,"[{'open': [{'is_overnight': True, 'start': '0000', 'end': '0000', 'day': 0}, {'is_overnight': True, 'start': '0000', 'end': '0000', 'day': 1}, {'is_overnight': True, 'start': '0000', 'end': '0000', 'day': 2}, {'is_overnight': True, 'start': '0000', 'end': '0000', 'day': 3}, {'is_overnight': True, 'start': '0000', 'end': '0000', 'day': 4}, {'is_overnight': True, 'start': '0000', 'end': '0000', 'day': 5}, {'is_overnight': True, 'start': '0000', 'end': '0000', 'day': 6}], 'hours_type': 'REGULAR', 'is_open_now': True}]","{'business_temp_closed': None, 'menu_url': 'https://www.mcdonalds.com/us/en-us/full-menu.html?cid=PS:GCM_MOP:NB::Yelp:All', 'open24_hours': None, 'waitlist_reservation': None}"
zPh74m2nlbpBv1HvS53gfQ,mcdonalds-jersey-city-2,McDonald's,https://s3-media1.fl.yelpcdn.com/bphoto/0qaRPW8RHJ_Emi_ZfQW0-w/o.jpg,False,https://www.yelp.com/biz/mcdonalds-jersey-city-2?adjust_creative=mpeREilc5wlDx-qcuxWJww&utm_campaign=yelp_api_v3&utm_medium=api_v3_business_search&utm_source=mpeREilc5wlDx-qcuxWJww,20,"[{'alias': 'burgers', 'title': 'Burgers'}, {'alias': 'hotdogs', 'title': 'Fast Food'}, {'alias': 'coffee', 'title': 'Coffee & Tea'}]",2.5,"{'latitude': 40.743783, 'longitude': -74.0507184}",['delivery'],$,"{'address1': '260 Central Ave', 'address2': '', 'address3': '', 'city': 'Jersey City', 'zip_code': '07307', 'country': 'US', 'state': 'NJ', 'display_address': ['260 Central Ave', 'Jersey City, NJ 07307']}",+12014188506,(201) 418-8506,6386.112444038827,"[{'open': [{'is_overnight': False, 'start': '0500', 'end': '0000', 'day': 0}, {'is_overnight': False, 'start': '0500', 'end': '0000', 'day': 1}, {'is_overnight': False, 'start': '0500', 'end': '0000', 'day': 2}, {'is_overnight': False, 'start': '0500', 'end': '0000', 'day': 3}, {'is_overnight': False, 'start': '0500', 'end': '0000', 'day': 4}, {'is_overnight': False, 'start': '0500', 'end': '0000', 'day': 5}, {'is_overnight': False, 'start': '0530', 'end': '0000', 'day': 6}], 'hours_type': 'REGULAR', 'is_open_now': True}]","{'business_temp_closed': None, 'menu_url': 'https://www.mcdonalds.com/us/en-us/full-menu.html?cid=PS:GCM_MOP:NB::Yelp:All', 'open24_hours': None, 'waitlist_reservation': None}"
